{"Spoke Details":[{"Spoke Name":"blob","Tools":["Description Tool","Plugin Converter Tool","Clean Up Tool"]},{"Spoke Name":"Cornerstone","Tools":["Plugin Converter Tool","Description Tool","Clean Up Tool"]},{"Spoke Name":"Microsoft Azure Virtual Network","Tools":["Description Tool"]},{"Spoke Name":"Jira","Tools":["Description Tool"]},{"Spoke Name":"AWS Elastic Beanstalk","Tools":["Description Tool"]},{"Spoke Name":"Global","Tools":["Description Tool"]},{"Spoke Name":"mkmn","Tools":["Description Tool"]},{"Spoke Name":"Kronos","Tools":["Dynamic Choice Remover Tool","Description Tool"]}],"Tool Stats":[{"Tool Name":"Description Tool","Hits":237},{"Tool Name":"Clean Up Tool","Hits":17},{"Tool Name":"Dynamic Choice Remover Tool","Hits":1},{"Tool Name":"Plugin Converter Tool","Hits":2}]}